3.15/bioc/manuals/InTAD/man/InTAD.pdf
3.15/bioc/manuals/Informeasure/man/Informeasure.pdf
3.15/bioc/manuals/IntEREst/man/IntEREst.pdf
3.15/bioc/manuals/InterCellar/man/InterCellar.pdf
3.15/bioc/manuals/InterMineR/man/InterMineR.pdf
3.15/bioc/manuals/InteractionSet/man/InteractionSet.pdf
3.15/bioc/manuals/InteractiveComplexHeatmap/man/InteractiveComplexHeatmap.pdf
3.15/bioc/manuals/IntramiRExploreR/man/IntramiRExploreR.pdf
3.15/bioc/manuals/IsoCorrectoR/man/IsoCorrectoR.pdf
3.15/bioc/manuals/IsoCorrectoRGUI/man/IsoCorrectoRGUI.pdf
3.15/bioc/manuals/IsoGeneGUI/man/IsoGeneGUI.pdf
3.15/bioc/manuals/IsoformSwitchAnalyzeR/man/IsoformSwitchAnalyzeR.pdf
3.15/bioc/manuals/KBoost/man/KBoost.pdf
3.15/bioc/manuals/KCsmart/man/KCsmart.pdf
3.15/bioc/manuals/KEGGREST/man/KEGGREST.pdf
3.15/bioc/manuals/KEGGgraph/man/KEGGgraph.pdf
3.15/bioc/manuals/KEGGlincs/man/KEGGlincs.pdf
3.15/bioc/manuals/KinSwingR/man/KinSwingR.pdf
3.15/bioc/manuals/KnowSeq/man/KnowSeq.pdf
3.15/bioc/manuals/LACE/man/LACE.pdf
3.15/bioc/manuals/LBE/man/LBE.pdf
3.15/bioc/manuals/LEA/man/LEA.pdf
3.15/bioc/manuals/LOBSTAHS/man/LOBSTAHS.pdf
3.15/bioc/manuals/LOLA/man/LOLA.pdf
3.15/bioc/manuals/LPE/man/LPE.pdf
3.15/bioc/manuals/LPEadj/man/LPEadj.pdf
3.15/bioc/manuals/LRBaseDbi/man/LRBaseDbi.pdf
3.15/bioc/manuals/LRcell/man/LRcell.pdf
3.15/bioc/manuals/LedPred/man/LedPred.pdf
3.15/bioc/manuals/LinTInd/man/LinTInd.pdf
3.15/bioc/manuals/LineagePulse/man/LineagePulse.pdf
3.15/bioc/manuals/LinkHD/man/LinkHD.pdf
3.15/bioc/manuals/Linnorm/man/Linnorm.pdf
3.15/bioc/manuals/LiquidAssociation/man/LiquidAssociation.pdf
3.15/bioc/manuals/LoomExperiment/man/LoomExperiment.pdf
3.15/bioc/manuals/LowMACA/man/LowMACA.pdf
3.15/bioc/manuals/LymphoSeq/man/LymphoSeq.pdf
3.15/bioc/manuals/M3C/man/M3C.pdf
3.15/bioc/manuals/M3Drop/man/M3Drop.pdf
3.15/bioc/manuals/MACPET/man/MACPET.pdf
3.15/bioc/manuals/MACSQuantifyR/man/MACSQuantifyR.pdf
3.15/bioc/manuals/MACSr/man/MACSr.pdf
3.15/bioc/manuals/MADSEQ/man/MADSEQ.pdf
3.15/bioc/manuals/MAGAR/man/MAGAR.pdf
3.15/bioc/manuals/MAGeCKFlute/man/MAGeCKFlute.pdf
3.15/bioc/manuals/MAI/man/MAI.pdf
3.15/bioc/manuals/MAIT/man/MAIT.pdf
3.15/bioc/manuals/MANOR/man/MANOR.pdf
3.15/bioc/manuals/MAST/man/MAST.pdf
3.15/bioc/manuals/MBASED/man/MBASED.pdf
