3.15/bioc/manuals/mapscape/man/mapscape.pdf
3.15/bioc/manuals/marr/man/marr.pdf
3.15/bioc/manuals/marray/man/marray.pdf
3.15/bioc/manuals/martini/man/martini.pdf
3.15/bioc/manuals/maser/man/maser.pdf
3.15/bioc/manuals/maskBAD/man/maskBAD.pdf
3.15/bioc/manuals/massiR/man/massiR.pdf
3.15/bioc/manuals/matchBox/man/matchBox.pdf
3.15/bioc/manuals/matter/man/matter.pdf
3.15/bioc/manuals/mbkmeans/man/mbkmeans.pdf
3.15/bioc/manuals/mdp/man/mdp.pdf
3.15/bioc/manuals/mdqc/man/mdqc.pdf
3.15/bioc/manuals/megadepth/man/megadepth.pdf
3.15/bioc/manuals/memes/man/memes.pdf
3.15/bioc/manuals/meshes/man/meshes.pdf
3.15/bioc/manuals/meshr/man/meshr.pdf
3.15/bioc/manuals/messina/man/messina.pdf
3.15/bioc/manuals/metaCCA/man/metaCCA.pdf
3.15/bioc/manuals/metaMS/man/metaMS.pdf
3.15/bioc/manuals/metaSeq/man/metaSeq.pdf
3.15/bioc/manuals/metabCombiner/man/metabCombiner.pdf
3.15/bioc/manuals/metabolomicsWorkbenchR/man/metabolomicsWorkbenchR.pdf
3.15/bioc/manuals/metabomxtr/man/metabomxtr.pdf
3.15/bioc/manuals/metagene/man/metagene.pdf
3.15/bioc/manuals/metagene2/man/metagene2.pdf
3.15/bioc/manuals/metagenomeSeq/man/metagenomeSeq.pdf
3.15/bioc/manuals/metahdep/man/metahdep.pdf
3.15/bioc/manuals/metapod/man/metapod.pdf
3.15/bioc/manuals/metapone/man/metapone.pdf
3.15/bioc/manuals/metaseqR2/man/metaseqR2.pdf
3.15/bioc/manuals/metavizr/man/metavizr.pdf
3.15/bioc/manuals/methInheritSim/man/methInheritSim.pdf
3.15/bioc/manuals/methimpute/man/methimpute.pdf
3.15/bioc/manuals/methrix/man/methrix.pdf
3.15/bioc/manuals/methylCC/man/methylCC.pdf
3.15/bioc/manuals/methylGSA/man/methylGSA.pdf
3.15/bioc/manuals/methylInheritance/man/methylInheritance.pdf
3.15/bioc/manuals/methylKit/man/methylKit.pdf
3.15/bioc/manuals/methylMnM/man/methylMnM.pdf
3.15/bioc/manuals/methylPipe/man/methylPipe.pdf
3.15/bioc/manuals/methylSig/man/methylSig.pdf
3.15/bioc/manuals/methylclock/man/methylclock.pdf
3.15/bioc/manuals/methylscaper/man/methylscaper.pdf
3.15/bioc/manuals/methylumi/man/methylumi.pdf
3.15/bioc/manuals/mfa/man/mfa.pdf
3.15/bioc/manuals/mgsa/man/mgsa.pdf
3.15/bioc/manuals/miQC/man/miQC.pdf
3.15/bioc/manuals/miRBaseConverter/man/miRBaseConverter.pdf
3.15/bioc/manuals/miRLAB/man/miRLAB.pdf
3.15/bioc/manuals/miRNAmeConverter/man/miRNAmeConverter.pdf
