3.15/bioc/manuals/affy/man/affy.pdf
3.15/bioc/manuals/affyContam/man/affyContam.pdf
3.15/bioc/manuals/affyILM/man/affyILM.pdf
3.15/bioc/manuals/affyPLM/man/affyPLM.pdf
3.15/bioc/manuals/affycomp/man/affycomp.pdf
3.15/bioc/manuals/affycoretools/man/affycoretools.pdf
3.15/bioc/manuals/affyio/man/affyio.pdf
3.15/bioc/manuals/affylmGUI/man/affylmGUI.pdf
3.15/bioc/manuals/aggregateBioVar/man/aggregateBioVar.pdf
3.15/bioc/manuals/agilp/man/agilp.pdf
3.15/bioc/manuals/airpart/man/airpart.pdf
3.15/bioc/manuals/alevinQC/man/alevinQC.pdf
3.15/bioc/manuals/alpine/man/alpine.pdf
3.15/bioc/manuals/altcdfenvs/man/altcdfenvs.pdf
3.15/bioc/manuals/amplican/man/amplican.pdf
3.15/bioc/manuals/animalcules/man/animalcules.pdf
3.15/bioc/manuals/annaffy/man/annaffy.pdf
3.15/bioc/manuals/annmap/man/annmap.pdf
3.15/bioc/manuals/annotate/man/annotate.pdf
3.15/bioc/manuals/annotationTools/man/annotationTools.pdf
3.15/bioc/manuals/annotatr/man/annotatr.pdf
3.15/bioc/manuals/anota/man/anota.pdf
3.15/bioc/manuals/anota2seq/man/anota2seq.pdf
3.15/bioc/manuals/antiProfiles/man/antiProfiles.pdf
3.15/bioc/manuals/apComplex/man/apComplex.pdf
3.15/bioc/manuals/apeglm/man/apeglm.pdf
3.15/bioc/manuals/appreci8R/man/appreci8R.pdf
3.15/bioc/manuals/aroma.light/man/aroma.light.pdf
3.15/bioc/manuals/arrayMvout/man/arrayMvout.pdf
3.15/bioc/manuals/arrayQuality/man/arrayQuality.pdf
3.15/bioc/manuals/arrayQualityMetrics/man/arrayQualityMetrics.pdf
3.15/bioc/manuals/artMS/man/artMS.pdf
3.15/bioc/manuals/atSNP/man/atSNP.pdf
3.15/bioc/manuals/atena/man/atena.pdf
3.15/bioc/manuals/attract/man/attract.pdf
3.15/bioc/manuals/autonomics/man/autonomics.pdf
3.15/bioc/manuals/awst/man/awst.pdf
3.15/bioc/manuals/bacon/man/bacon.pdf
3.15/bioc/manuals/ballgown/man/ballgown.pdf
3.15/bioc/manuals/bambu/man/bambu.pdf
3.15/bioc/manuals/bamsignals/man/bamsignals.pdf
3.15/bioc/manuals/banocc/man/banocc.pdf
3.15/bioc/manuals/barcodetrackR/man/barcodetrackR.pdf
3.15/bioc/manuals/basecallQC/man/basecallQC.pdf
3.15/bioc/manuals/basilisk.utils/man/basilisk.utils.pdf
3.15/bioc/manuals/basilisk/man/basilisk.pdf
3.15/bioc/manuals/batchelor/man/batchelor.pdf
3.15/bioc/manuals/bayNorm/man/bayNorm.pdf
3.15/bioc/manuals/baySeq/man/baySeq.pdf
3.15/bioc/manuals/bcSeq/man/bcSeq.pdf
