3.15/bioc/manuals/beachmat/man/beachmat.pdf
3.15/bioc/manuals/beadarray/man/beadarray.pdf
3.15/bioc/manuals/beadarraySNP/man/beadarraySNP.pdf
3.15/bioc/manuals/beer/man/beer.pdf
3.15/bioc/manuals/benchdamic/man/benchdamic.pdf
3.15/bioc/manuals/bgx/man/bgx.pdf
3.15/bioc/manuals/bigPint/man/bigPint.pdf
3.15/bioc/manuals/bigmelon/man/bigmelon.pdf
3.15/bioc/manuals/bioCancer/man/bioCancer.pdf
3.15/bioc/manuals/bioDist/man/bioDist.pdf
3.15/bioc/manuals/bioassayR/man/bioassayR.pdf
3.15/bioc/manuals/biobroom/man/biobroom.pdf
3.15/bioc/manuals/biobtreeR/man/biobtreeR.pdf
3.15/bioc/manuals/biocGraph/man/biocGraph.pdf
3.15/bioc/manuals/biocViews/man/biocViews.pdf
3.15/bioc/manuals/biocthis/man/biocthis.pdf
3.15/bioc/manuals/biodb/man/biodb.pdf
3.15/bioc/manuals/biodbChebi/man/biodbChebi.pdf
3.15/bioc/manuals/biodbHmdb/man/biodbHmdb.pdf
3.15/bioc/manuals/biodbKegg/man/biodbKegg.pdf
3.15/bioc/manuals/biodbLipidmaps/man/biodbLipidmaps.pdf
3.15/bioc/manuals/biodbUniprot/man/biodbUniprot.pdf
3.15/bioc/manuals/biomaRt/man/biomaRt.pdf
3.15/bioc/manuals/biomformat/man/biomformat.pdf
3.15/bioc/manuals/biomvRCNS/man/biomvRCNS.pdf
3.15/bioc/manuals/biosigner/man/biosigner.pdf
3.15/bioc/manuals/biotmle/man/biotmle.pdf
3.15/bioc/manuals/biovizBase/man/biovizBase.pdf
3.15/bioc/manuals/biscuiteer/man/biscuiteer.pdf
3.15/bioc/manuals/blacksheepr/man/blacksheepr.pdf
3.15/bioc/manuals/blima/man/blima.pdf
3.15/bioc/manuals/bluster/man/bluster.pdf
3.15/bioc/manuals/bnbc/man/bnbc.pdf
3.15/bioc/manuals/bnem/man/bnem.pdf
3.15/bioc/manuals/brainflowprobes/man/brainflowprobes.pdf
3.15/bioc/manuals/branchpointer/man/branchpointer.pdf
3.15/bioc/manuals/breakpointR/man/breakpointR.pdf
3.15/bioc/manuals/brendaDb/man/brendaDb.pdf
3.15/bioc/manuals/bridge/man/bridge.pdf
3.15/bioc/manuals/bsseq/man/bsseq.pdf
3.15/bioc/manuals/bugsigdbr/man/bugsigdbr.pdf
3.15/bioc/manuals/bumphunter/man/bumphunter.pdf
3.15/bioc/manuals/cBioPortalData/man/cBioPortalData.pdf
3.15/bioc/manuals/cTRAP/man/cTRAP.pdf
3.15/bioc/manuals/caOmicsV/man/caOmicsV.pdf
3.15/bioc/manuals/cageminer/man/cageminer.pdf
3.15/bioc/manuals/calm/man/calm.pdf
3.15/bioc/manuals/canceR/man/canceR.pdf
3.15/bioc/manuals/cancerclass/man/cancerclass.pdf
3.15/bioc/manuals/casper/man/casper.pdf
