3.15/bioc/manuals/SNAGEE/man/SNAGEE.pdf
3.15/bioc/manuals/SNPRelate/man/SNPRelate.pdf
3.15/bioc/manuals/SNPediaR/man/SNPediaR.pdf
3.15/bioc/manuals/SNPhood/man/SNPhood.pdf
3.15/bioc/manuals/SOMNiBUS/man/SOMNiBUS.pdf
3.15/bioc/manuals/SPEM/man/SPEM.pdf
3.15/bioc/manuals/SPIA/man/SPIA.pdf
3.15/bioc/manuals/SPLINTER/man/SPLINTER.pdf
3.15/bioc/manuals/SPONGE/man/SPONGE.pdf
3.15/bioc/manuals/SPsimSeq/man/SPsimSeq.pdf
3.15/bioc/manuals/SQLDataFrame/man/SQLDataFrame.pdf
3.15/bioc/manuals/SQUADD/man/SQUADD.pdf
3.15/bioc/manuals/SRAdb/man/SRAdb.pdf
3.15/bioc/manuals/STAN/man/STAN.pdf
3.15/bioc/manuals/STATegRa/man/STATegRa.pdf
3.15/bioc/manuals/STRINGdb/man/STRINGdb.pdf
3.15/bioc/manuals/STROMA4/man/STROMA4.pdf
3.15/bioc/manuals/SWATH2stats/man/SWATH2stats.pdf
3.15/bioc/manuals/SamSPECTRAL/man/SamSPECTRAL.pdf
3.15/bioc/manuals/Scale4C/man/Scale4C.pdf
3.15/bioc/manuals/ScaledMatrix/man/ScaledMatrix.pdf
3.15/bioc/manuals/Sconify/man/Sconify.pdf
3.15/bioc/manuals/SemDist/man/SemDist.pdf
3.15/bioc/manuals/SeqArray/man/SeqArray.pdf
3.15/bioc/manuals/SeqGSEA/man/SeqGSEA.pdf
3.15/bioc/manuals/SeqGate/man/SeqGate.pdf
3.15/bioc/manuals/SeqSQC/man/SeqSQC.pdf
3.15/bioc/manuals/SeqVarTools/man/SeqVarTools.pdf
3.15/bioc/manuals/SharedObject/man/SharedObject.pdf
3.15/bioc/manuals/ShortRead/man/ShortRead.pdf
3.15/bioc/manuals/SigCheck/man/SigCheck.pdf
3.15/bioc/manuals/SigFuge/man/SigFuge.pdf
3.15/bioc/manuals/SigsPack/man/SigsPack.pdf
3.15/bioc/manuals/SimBindProfiles/man/SimBindProfiles.pdf
3.15/bioc/manuals/SimFFPE/man/SimFFPE.pdf
3.15/bioc/manuals/SingleCellExperiment/man/SingleCellExperiment.pdf
3.15/bioc/manuals/SingleCellSignalR/man/SingleCellSignalR.pdf
3.15/bioc/manuals/SingleMoleculeFootprinting/man/SingleMoleculeFootprinting.pdf
3.15/bioc/manuals/SingleR/man/SingleR.pdf
3.15/bioc/manuals/SomaticSignatures/man/SomaticSignatures.pdf
3.15/bioc/manuals/SpacePAC/man/SpacePAC.pdf
3.15/bioc/manuals/Spaniel/man/Spaniel.pdf
3.15/bioc/manuals/SparseSignatures/man/SparseSignatures.pdf
3.15/bioc/manuals/SpatialCPie/man/SpatialCPie.pdf
3.15/bioc/manuals/SpatialDecon/man/SpatialDecon.pdf
3.15/bioc/manuals/SpatialExperiment/man/SpatialExperiment.pdf
3.15/bioc/manuals/SpeCond/man/SpeCond.pdf
3.15/bioc/manuals/Spectra/man/Spectra.pdf
3.15/bioc/manuals/SpectralTAD/man/SpectralTAD.pdf
3.15/bioc/manuals/SpidermiR/man/SpidermiR.pdf
