3.14/bioc/manuals/miRmine/man/miRmine.pdf
3.14/bioc/manuals/miRspongeR/man/miRspongeR.pdf
3.14/bioc/manuals/mia/man/mia.pdf
3.14/bioc/manuals/miaSim/man/miaSim.pdf
3.14/bioc/manuals/miaViz/man/miaViz.pdf
3.14/bioc/manuals/microRNA/man/microRNA.pdf
3.14/bioc/manuals/microbiome/man/microbiome.pdf
3.14/bioc/manuals/microbiomeDASim/man/microbiomeDASim.pdf
3.14/bioc/manuals/microbiomeExplorer/man/microbiomeExplorer.pdf
3.14/bioc/manuals/microbiomeMarker/man/microbiomeMarker.pdf
3.14/bioc/manuals/midasHLA/man/midasHLA.pdf
3.14/bioc/manuals/miloR/man/miloR.pdf
3.14/bioc/manuals/mimager/man/mimager.pdf
3.14/bioc/manuals/mina/man/mina.pdf
3.14/bioc/manuals/minet/man/minet.pdf
3.14/bioc/manuals/minfi/man/minfi.pdf
3.14/bioc/manuals/mirIntegrator/man/mirIntegrator.pdf
3.14/bioc/manuals/mirTarRnaSeq/man/mirTarRnaSeq.pdf
3.14/bioc/manuals/missMethyl/man/missMethyl.pdf
3.14/bioc/manuals/missRows/man/missRows.pdf
3.14/bioc/manuals/mistyR/man/mistyR.pdf
3.14/bioc/manuals/mitch/man/mitch.pdf
3.14/bioc/manuals/mitoClone2/man/mitoClone2.pdf
3.14/bioc/manuals/mixOmics/man/mixOmics.pdf
3.14/bioc/manuals/mnem/man/mnem.pdf
3.14/bioc/manuals/moanin/man/moanin.pdf
3.14/bioc/manuals/mogsa/man/mogsa.pdf
3.14/bioc/manuals/monaLisa/man/monaLisa.pdf
3.14/bioc/manuals/monocle/man/monocle.pdf
3.14/bioc/manuals/mosaics/man/mosaics.pdf
3.14/bioc/manuals/mosbi/man/mosbi.pdf
3.14/bioc/manuals/motifStack/man/motifStack.pdf
3.14/bioc/manuals/motifbreakR/man/motifbreakR.pdf
3.14/bioc/manuals/motifcounter/man/motifcounter.pdf
3.14/bioc/manuals/motifmatchr/man/motifmatchr.pdf
3.14/bioc/manuals/mpra/man/mpra.pdf
3.14/bioc/manuals/msImpute/man/msImpute.pdf
3.14/bioc/manuals/msPurity/man/msPurity.pdf
3.14/bioc/manuals/msa/man/msa.pdf
3.14/bioc/manuals/msgbsR/man/msgbsR.pdf
3.14/bioc/manuals/msmsEDA/man/msmsEDA.pdf
3.14/bioc/manuals/msmsTests/man/msmsTests.pdf
3.14/bioc/manuals/msqrob2/man/msqrob2.pdf
3.14/bioc/manuals/multiClust/man/multiClust.pdf
3.14/bioc/manuals/multiGSEA/man/multiGSEA.pdf
3.14/bioc/manuals/multiHiCcompare/man/multiHiCcompare.pdf
3.14/bioc/manuals/multiMiR/man/multiMiR.pdf
3.14/bioc/manuals/multiOmicsViz/man/multiOmicsViz.pdf
3.14/bioc/manuals/multiSight/man/multiSight.pdf
3.14/bioc/manuals/multicrispr/man/multicrispr.pdf
