3.14/bioc/manuals/bayNorm/man/bayNorm.pdf
3.14/bioc/manuals/baySeq/man/baySeq.pdf
3.14/bioc/manuals/bcSeq/man/bcSeq.pdf
3.14/bioc/manuals/beachmat/man/beachmat.pdf
3.14/bioc/manuals/beadarray/man/beadarray.pdf
3.14/bioc/manuals/beadarraySNP/man/beadarraySNP.pdf
3.14/bioc/manuals/benchdamic/man/benchdamic.pdf
3.14/bioc/manuals/bgx/man/bgx.pdf
3.14/bioc/manuals/bigPint/man/bigPint.pdf
3.14/bioc/manuals/bigmelon/man/bigmelon.pdf
3.14/bioc/manuals/bioCancer/man/bioCancer.pdf
3.14/bioc/manuals/bioDist/man/bioDist.pdf
3.14/bioc/manuals/bioassayR/man/bioassayR.pdf
3.14/bioc/manuals/biobroom/man/biobroom.pdf
3.14/bioc/manuals/biobtreeR/man/biobtreeR.pdf
3.14/bioc/manuals/biocGraph/man/biocGraph.pdf
3.14/bioc/manuals/biocViews/man/biocViews.pdf
3.14/bioc/manuals/biocthis/man/biocthis.pdf
3.14/bioc/manuals/biodb/man/biodb.pdf
3.14/bioc/manuals/biodbChebi/man/biodbChebi.pdf
3.14/bioc/manuals/biodbHmdb/man/biodbHmdb.pdf
3.14/bioc/manuals/biodbKegg/man/biodbKegg.pdf
3.14/bioc/manuals/biodbLipidmaps/man/biodbLipidmaps.pdf
3.14/bioc/manuals/biodbUniprot/man/biodbUniprot.pdf
3.14/bioc/manuals/biomaRt/man/biomaRt.pdf
3.14/bioc/manuals/biomformat/man/biomformat.pdf
3.14/bioc/manuals/biomvRCNS/man/biomvRCNS.pdf
3.14/bioc/manuals/biosigner/man/biosigner.pdf
3.14/bioc/manuals/biotmle/man/biotmle.pdf
3.14/bioc/manuals/biovizBase/man/biovizBase.pdf
3.14/bioc/manuals/biscuiteer/man/biscuiteer.pdf
3.14/bioc/manuals/blacksheepr/man/blacksheepr.pdf
3.14/bioc/manuals/blima/man/blima.pdf
3.14/bioc/manuals/bluster/man/bluster.pdf
3.14/bioc/manuals/bnbc/man/bnbc.pdf
3.14/bioc/manuals/bnem/man/bnem.pdf
3.14/bioc/manuals/brainflowprobes/man/brainflowprobes.pdf
3.14/bioc/manuals/branchpointer/man/branchpointer.pdf
3.14/bioc/manuals/breakpointR/man/breakpointR.pdf
3.14/bioc/manuals/brendaDb/man/brendaDb.pdf
3.14/bioc/manuals/bridge/man/bridge.pdf
3.14/bioc/manuals/bsseq/man/bsseq.pdf
3.14/bioc/manuals/bugsigdbr/man/bugsigdbr.pdf
3.14/bioc/manuals/bumphunter/man/bumphunter.pdf
3.14/bioc/manuals/cBioPortalData/man/cBioPortalData.pdf
3.14/bioc/manuals/cTRAP/man/cTRAP.pdf
3.14/bioc/manuals/caOmicsV/man/caOmicsV.pdf
3.14/bioc/manuals/cageminer/man/cageminer.pdf
3.14/bioc/manuals/calm/man/calm.pdf
3.14/bioc/manuals/canceR/man/canceR.pdf
3.14/bioc/manuals/cancerclass/man/cancerclass.pdf
3.14/bioc/manuals/casper/man/casper.pdf
3.14/bioc/manuals/categoryCompare/man/categoryCompare.pdf
3.14/bioc/manuals/cbaf/man/cbaf.pdf
3.14/bioc/manuals/cbpManager/man/cbpManager.pdf
3.14/bioc/manuals/ccfindR/man/ccfindR.pdf
3.14/bioc/manuals/ccmap/man/ccmap.pdf
3.14/bioc/manuals/ccrepe/man/ccrepe.pdf
3.14/bioc/manuals/ceRNAnetsim/man/ceRNAnetsim.pdf
3.14/bioc/manuals/celaref/man/celaref.pdf
3.14/bioc/manuals/celda/man/celda.pdf
3.14/bioc/manuals/cellHTS2/man/cellHTS2.pdf
3.14/bioc/manuals/cellTree/man/cellTree.pdf
3.14/bioc/manuals/cellbaseR/man/cellbaseR.pdf
3.14/bioc/manuals/cellity/man/cellity.pdf
3.14/bioc/manuals/cellmigRation/man/cellmigRation.pdf
3.14/bioc/manuals/cellscape/man/cellscape.pdf
3.14/bioc/manuals/censcyt/man/censcyt.pdf
3.14/bioc/manuals/cfDNAPro/man/cfDNAPro.pdf
3.14/bioc/manuals/cghMCR/man/cghMCR.pdf
3.14/bioc/manuals/chimeraviz/man/chimeraviz.pdf
3.14/bioc/manuals/chipenrich/man/chipenrich.pdf
3.14/bioc/manuals/chipseq/man/chipseq.pdf
3.14/bioc/manuals/chopsticks/man/chopsticks.pdf
3.14/bioc/manuals/chromDraw/man/chromDraw.pdf
3.14/bioc/manuals/chromPlot/man/chromPlot.pdf
3.14/bioc/manuals/chromVAR/man/chromVAR.pdf
3.14/bioc/manuals/chromstaR/man/chromstaR.pdf
3.14/bioc/manuals/chromswitch/man/chromswitch.pdf
3.14/bioc/manuals/cicero/man/cicero.pdf
3.14/bioc/manuals/circRNAprofiler/man/circRNAprofiler.pdf
3.14/bioc/manuals/cisPath/man/cisPath.pdf
3.14/bioc/manuals/cleanUpdTSeq/man/cleanUpdTSeq.pdf
3.14/bioc/manuals/cleaver/man/cleaver.pdf
3.14/bioc/manuals/cliProfiler/man/cliProfiler.pdf
3.14/bioc/manuals/clippda/man/clippda.pdf
3.14/bioc/manuals/clipper/man/clipper.pdf
3.14/bioc/manuals/cliqueMS/man/cliqueMS.pdf
3.14/bioc/manuals/clonotypeR/man/clonotypeR.pdf
3.14/bioc/manuals/clst/man/clst.pdf
3.14/bioc/manuals/clstutils/man/clstutils.pdf
3.14/bioc/manuals/clustComp/man/clustComp.pdf
3.14/bioc/manuals/clusterExperiment/man/clusterExperiment.pdf
3.14/bioc/manuals/clusterProfiler/man/clusterProfiler.pdf
3.14/bioc/manuals/clusterSeq/man/clusterSeq.pdf
3.14/bioc/manuals/clusterStab/man/clusterStab.pdf
3.14/bioc/manuals/clustifyr/man/clustifyr.pdf
3.14/bioc/manuals/cmapR/man/cmapR.pdf
3.14/bioc/manuals/cn.farms/man/cn.farms.pdf
3.14/bioc/manuals/cn.mops/man/cn.mops.pdf
3.14/bioc/manuals/cnvGSA/man/cnvGSA.pdf
3.14/bioc/manuals/coGPS/man/coGPS.pdf
3.14/bioc/manuals/coMET/man/coMET.pdf
3.14/bioc/manuals/coRdon/man/coRdon.pdf
3.14/bioc/manuals/codelink/man/codelink.pdf
3.14/bioc/manuals/coexnet/man/coexnet.pdf
3.14/bioc/manuals/cogena/man/cogena.pdf
3.14/bioc/manuals/cola/man/cola.pdf
3.14/bioc/manuals/combi/man/combi.pdf
3.14/bioc/manuals/compEpiTools/man/compEpiTools.pdf
3.14/bioc/manuals/compartmap/man/compartmap.pdf
3.14/bioc/manuals/compcodeR/man/compcodeR.pdf
3.14/bioc/manuals/conclus/man/conclus.pdf
3.14/bioc/manuals/condiments/man/condiments.pdf
3.14/bioc/manuals/consensus/man/consensus.pdf
3.14/bioc/manuals/consensusDE/man/consensusDE.pdf
3.14/bioc/manuals/consensusOV/man/consensusOV.pdf
3.14/bioc/manuals/consensusSeekeR/man/consensusSeekeR.pdf
3.14/bioc/manuals/contiBAIT/man/contiBAIT.pdf
3.14/bioc/manuals/conumee/man/conumee.pdf
3.14/bioc/manuals/convert/man/convert.pdf
3.14/bioc/manuals/copa/man/copa.pdf
3.14/bioc/manuals/copynumber/man/copynumber.pdf
3.14/bioc/manuals/corral/man/corral.pdf
3.14/bioc/manuals/coseq/man/coseq.pdf
3.14/bioc/manuals/cosmiq/man/cosmiq.pdf
3.14/bioc/manuals/cosmosR/man/cosmosR.pdf
3.14/bioc/manuals/countsimQC/man/countsimQC.pdf
3.14/bioc/manuals/covEB/man/covEB.pdf
3.14/bioc/manuals/covRNA/man/covRNA.pdf
3.14/bioc/manuals/cpvSNP/man/cpvSNP.pdf
3.14/bioc/manuals/cqn/man/cqn.pdf
3.14/bioc/manuals/crisprseekplus/man/crisprseekplus.pdf
3.14/bioc/manuals/crlmm/man/crlmm.pdf
3.14/bioc/manuals/crossmeta/man/crossmeta.pdf
3.14/bioc/manuals/csaw/man/csaw.pdf
3.14/bioc/manuals/csdR/man/csdR.pdf
3.14/bioc/manuals/ctc/man/ctc.pdf
3.14/bioc/manuals/ctgGEM/man/ctgGEM.pdf
3.14/bioc/manuals/ctsGE/man/ctsGE.pdf
3.14/bioc/manuals/cummeRbund/man/cummeRbund.pdf
3.14/bioc/manuals/customCMPdb/man/customCMPdb.pdf
3.14/bioc/manuals/customProDB/man/customProDB.pdf
3.14/bioc/manuals/cyanoFilter/man/cyanoFilter.pdf
3.14/bioc/manuals/cycle/man/cycle.pdf
3.14/bioc/manuals/cydar/man/cydar.pdf
3.14/bioc/manuals/cytoKernel/man/cytoKernel.pdf
3.14/bioc/manuals/cytolib/man/cytolib.pdf
3.14/bioc/manuals/cytomapper/man/cytomapper.pdf
3.14/bioc/manuals/dStruct/man/dStruct.pdf
3.14/bioc/manuals/daMA/man/daMA.pdf
3.14/bioc/manuals/dada2/man/dada2.pdf
3.14/bioc/manuals/dagLogo/man/dagLogo.pdf
3.14/bioc/manuals/dasper/man/dasper.pdf
3.14/bioc/manuals/dcGSA/man/dcGSA.pdf
3.14/bioc/manuals/dcanr/man/dcanr.pdf
3.14/bioc/manuals/dce/man/dce.pdf
3.14/bioc/manuals/ddCt/man/ddCt.pdf
3.14/bioc/manuals/ddPCRclust/man/ddPCRclust.pdf
3.14/bioc/manuals/dearseq/man/dearseq.pdf
3.14/bioc/manuals/debCAM/man/debCAM.pdf
3.14/bioc/manuals/debrowser/man/debrowser.pdf
3.14/bioc/manuals/deco/man/deco.pdf
3.14/bioc/manuals/decompTumor2Sig/man/decompTumor2Sig.pdf
3.14/bioc/manuals/decontam/man/decontam.pdf
3.14/bioc/manuals/deconvR/man/deconvR.pdf
3.14/bioc/manuals/decoupleR/man/decoupleR.pdf
3.14/bioc/manuals/deepSNV/man/deepSNV.pdf
3.14/bioc/manuals/deltaCaptureC/man/deltaCaptureC.pdf
3.14/bioc/manuals/deltaGseg/man/deltaGseg.pdf
3.14/bioc/manuals/densvis/man/densvis.pdf
3.14/bioc/manuals/derfinder/man/derfinder.pdf
3.14/bioc/manuals/derfinderHelper/man/derfinderHelper.pdf
3.14/bioc/manuals/derfinderPlot/man/derfinderPlot.pdf
3.14/bioc/manuals/destiny/man/destiny.pdf
3.14/bioc/manuals/diffGeneAnalysis/man/diffGeneAnalysis.pdf
3.14/bioc/manuals/diffHic/man/diffHic.pdf
3.14/bioc/manuals/diffUTR/man/diffUTR.pdf
3.14/bioc/manuals/diffcoexp/man/diffcoexp.pdf
3.14/bioc/manuals/diffcyt/man/diffcyt.pdf
3.14/bioc/manuals/diffloop/man/diffloop.pdf
3.14/bioc/manuals/diffuStats/man/diffuStats.pdf
3.14/bioc/manuals/diggit/man/diggit.pdf
3.14/bioc/manuals/dir.expiry/man/dir.expiry.pdf
3.14/bioc/manuals/discordant/man/discordant.pdf
3.14/bioc/manuals/distinct/man/distinct.pdf
3.14/bioc/manuals/dittoSeq/man/dittoSeq.pdf
3.14/bioc/manuals/divergence/man/divergence.pdf
3.14/bioc/manuals/dks/man/dks.pdf
3.14/bioc/manuals/dmrseq/man/dmrseq.pdf
3.14/bioc/manuals/doppelgangR/man/doppelgangR.pdf
3.14/bioc/manuals/doseR/man/doseR.pdf
3.14/bioc/manuals/dpeak/man/dpeak.pdf
3.14/bioc/manuals/drawProteins/man/drawProteins.pdf
3.14/bioc/manuals/drugTargetInteractions/man/drugTargetInteractions.pdf
3.14/bioc/manuals/dualKS/man/dualKS.pdf
3.14/bioc/manuals/dupRadar/man/dupRadar.pdf
3.14/bioc/manuals/dyebias/man/dyebias.pdf
3.14/bioc/manuals/easier/man/easier.pdf
3.14/bioc/manuals/easyRNASeq/man/easyRNASeq.pdf
