3.14/bioc/manuals/QDNAseq/man/QDNAseq.pdf
3.14/bioc/manuals/QFeatures/man/QFeatures.pdf
3.14/bioc/manuals/QSutils/man/QSutils.pdf
3.14/bioc/manuals/QUBIC/man/QUBIC.pdf
3.14/bioc/manuals/Qtlizer/man/Qtlizer.pdf
3.14/bioc/manuals/QuartPAC/man/QuartPAC.pdf
3.14/bioc/manuals/QuasR/man/QuasR.pdf
3.14/bioc/manuals/QuaternaryProd/man/QuaternaryProd.pdf
3.14/bioc/manuals/R3CPET/man/R3CPET.pdf
3.14/bioc/manuals/R453Plus1Toolbox/man/R453Plus1Toolbox.pdf
3.14/bioc/manuals/R4RNA/man/R4RNA.pdf
3.14/bioc/manuals/RBGL/man/RBGL.pdf
3.14/bioc/manuals/RBM/man/RBM.pdf
3.14/bioc/manuals/RBioinf/man/RBioinf.pdf
3.14/bioc/manuals/RCAS/man/RCAS.pdf
3.14/bioc/manuals/RCASPAR/man/RCASPAR.pdf
3.14/bioc/manuals/RCM/man/RCM.pdf
3.14/bioc/manuals/RCSL/man/RCSL.pdf
3.14/bioc/manuals/RCy3/man/RCy3.pdf
3.14/bioc/manuals/RCyjs/man/RCyjs.pdf
3.14/bioc/manuals/RDRToolbox/man/RDRToolbox.pdf
3.14/bioc/manuals/REBET/man/REBET.pdf
3.14/bioc/manuals/REDseq/man/REDseq.pdf
3.14/bioc/manuals/REMP/man/REMP.pdf
3.14/bioc/manuals/RGMQL/man/RGMQL.pdf
3.14/bioc/manuals/RGSEA/man/RGSEA.pdf
3.14/bioc/manuals/RGalaxy/man/RGalaxy.pdf
3.14/bioc/manuals/RGraph2js/man/RGraph2js.pdf
3.14/bioc/manuals/RIPAT/man/RIPAT.pdf
3.14/bioc/manuals/RITAN/man/RITAN.pdf
3.14/bioc/manuals/RIVER/man/RIVER.pdf
3.14/bioc/manuals/RImmPort/man/RImmPort.pdf
3.14/bioc/manuals/RJMCMCNucleosomes/man/RJMCMCNucleosomes.pdf
3.14/bioc/manuals/RLMM/man/RLMM.pdf
3.14/bioc/manuals/RLSeq/man/RLSeq.pdf
3.14/bioc/manuals/RLassoCox/man/RLassoCox.pdf
3.14/bioc/manuals/RMassBank/man/RMassBank.pdf
3.14/bioc/manuals/RNAAgeCalc/man/RNAAgeCalc.pdf
3.14/bioc/manuals/RNASeqPower/man/RNASeqPower.pdf
3.14/bioc/manuals/RNASeqR/man/RNASeqR.pdf
3.14/bioc/manuals/RNAdecay/man/RNAdecay.pdf
3.14/bioc/manuals/RNAinteract/man/RNAinteract.pdf
3.14/bioc/manuals/RNAmodR.AlkAnilineSeq/man/RNAmodR.AlkAnilineSeq.pdf
3.14/bioc/manuals/RNAmodR.ML/man/RNAmodR.ML.pdf
3.14/bioc/manuals/RNAmodR.RiboMethSeq/man/RNAmodR.RiboMethSeq.pdf
3.14/bioc/manuals/RNAmodR/man/RNAmodR.pdf
3.14/bioc/manuals/RNAsense/man/RNAsense.pdf
3.14/bioc/manuals/ROC/man/ROC.pdf
3.14/bioc/manuals/ROCpAI/man/ROCpAI.pdf
3.14/bioc/manuals/ROSeq/man/ROSeq.pdf
